,,,,,,,,,,,
DC,,,,SUPPLYHOUSE,338,892,PAYPAL *SUPPLYHOUSE      402-935-7733 NY,-356.9,PAYPAL *SUPPLYHOUSE      402-935-7733 NY,{'Shopping': 338},{'PAYPAL': 338}
DC,,,,SCHOOL DONATION,338,252.5,SCHOOL DONATION          8666383687   CA,10,SCHOOL DONATION          8666383687   CA,{'Business Services': 338},
DC,,,,PR T-SHIRT QUILT,338,429.4,SP * PR T-SHIRT QUILT    PROJECTREPAT.MA,-171.4,SP * PR T-SHIRT QUILT    8572641937   MA,{'Electronics & Software': 338},{'SP': 338}
DC,,,,NEIGHBORS BAR,338,294.2,NEIGHBORS BAR            701-4566222  ND,4,NEIGHBORS BAR            701-4566222  ND,{'Restaurants': 338},
DC,,,,MILLER'S PRO IMAGING,338,797.5,MILLER'S PRO IMAGING     620-231-8050 KS,8.9,MILLER'S PRO IMAGING     620-231-8050 KS,{'Business Services': 338},
DC,,,,LUCENTPAY,338,280,LUCENTPAY                888-2124765  AZ,0.3,LUCENTPAY                888-3117791  AZ,{'Doctor': 338},
DC,,,,HOLIDAY INN DOWNTOWN,338,750.4,HOLIDAY INN DOWNTOWN     DES MOINES   IA,-233.5,HOLIDAY INN DOWNTOWN     DES MOINES   IA,{'Hotel': 338},
DC,,,,HMSHOST IRELAND LTD,338,58.1,HMSHOST IRELAND LTD      DUBLIN,1,HMSHOST IRELAND LTD      DUBLIN,{'Restaurants': 338},
DC,,,,EL CORTE INGLES,338,848.9,0090-EL CORTE INGLES     BARCELONA    ESP,-87.2,EL CORTE INGLES-DEPART   SEVILLA      ESP,{'Shopping': 338},
DC,,,,DNH MEDIA TEMPLE INC,338,348,DNH*MEDIA TEMPLE INC     877-5784000  CA,-29,DNH*MEDIA TEMPLE INC     877-5784000  CA,{'Shopping': 338},
DC,,,,BSC,338,977,BSC-STUDENT FINANCE TN   701-2242678  ND,-145.5,BSC- ONLINE BOOKSTORE    701-224-5453 ND,{'Entertainment': 338},"{'SF MOBILE': 11, 'ONLINE BOOKSTORE': 52}"
DC,,,,ARIA-JG STEAKHOUSE,338,983.7,ARIA - JG STEAKHOUSE     LAS VEGAS    NV,11.9,ARIA - JG STEAKHOUSE     LAS VEGAS    NV,{'Restaurants': 338},
DC,,,,ADVANCEDHEARING,338,999,ADVANCEDHEARING          8008040434   AK,-995,ADVANCEDHEARING          800-804-0434 CO,{'Health & Fitness': 338},
DC,,,,WATERFRONT PLAZA,337,33,WATERFRONT PLAZA         HONOLULU     HI,1.5,WATERFRONT PLAZA         HONOLULU     HI,{'Parking': 337},
DC,,,,UNIVERSITY STORE,337,962.4,UNIVERSITY STORE         LARAMIE      WY,-315.3,UNIVERSITY STORE         LARAMIE      WY,{'Education': 337},
DC,,,,THE WOK AND ROL,337,80,SQ *THE WOK AND ROL      FT COLLINS   CO,-1,SQ *THE WOK AND ROL      FT COLLINS   CO,{'Restaurants': 337},{'SQ': 337}
DC,,,,SUTTON NORTH,337,600,SUTTON NORTH             SUTTON       MA,1.5,SUTTON NORTH             SUTTON       MA,{'Gas': 337},
DC,,,,SUPERCHE CANC Z HOT,337,351.4,SUPERCHE CANC Z HOT665   BENITO JUAREZQR,-23.3,SUPERCHE CANC Z HOT665   BENITO JUAREZ,{'Groceries': 337},
DC,,,,STEVE'S GENERAL STORE,337,205.3,STEVE'S GENERAL STORE    HERSHEY      PA,0.1,STEVE'S GENERAL STORE    HERSHEY      PA,{'Gas': 337},
DC,,,,St . MargaretMary,337,500,LP *St.MargaretMary      402-5582255  NE,5,LP *St.MargaretMary      402-5582255  NE,{'Gifts & Donations': 337},{'LP': 337}
DC,,,,SOCKSOOTHERS.COM,337,169.9,SOCKSOOTHERS.COM         833-7664498  ID,-67.8,SOCKSOOTHERS.COM         833-7664498  ID,{'Home': 337},
DC,,,,RDOAG CAS,337,975.8,RDOAG CAS 010156         701-3474403  ND,-901.5,RDOAG CAS 010156         701-3474403  ND,{'Auto & Transport': 337},
DC,,,,PITTS PIRATE,337,992,TICKETS*  PITTS PIRATE   800-352-0212 PA,-37,TICKETS*  PITTS PIRATE   800-352-0212 PA,{'Entertainment': 337},{'TICKETS': 329}
DC,,,,PERKINS BUFFALO,337,227.1,PERKINS BUFFALO #3876    BUFFALO      MN,2.8,PERKINS BUFFALO #3876    BUFFALO      MN,{'Restaurants': 337},
DC,,,,OREALLYS AND LEVEL,337,70,OREALLYS AND LEVEL 10    GRAND FORKS  ND,5.1,OREALLYS AND LEVEL 10    GRAND FORKS  ND,{'Restaurants': 337},
DC,,,,NCEES.ORG,337,525,NCEES.ORG                8002503196   SC,-450,NCEES.ORG                SENECA       SC,{'Education': 337},
DC,,,,MONTA RAMEN,337,135.6,MONTA RAMEN              RICHARDSON   TX,7.2,MONTA RAMEN              RICHARDSON   TX,{'Restaurants': 337},
DC,,,,LT S LIQUOR,337,965.8,LT S LIQUOR              WATERTOWN    SD,3.2,LT S LIQUOR              WATERTOWN    SD,{'Alcohol & Bars': 337},
DC,,,,LEE JEANS,337,410,PAYPAL *LEE JEANS        402-935-7733 NC,-134.1,PAYPAL *LEE JEANS        4029357733   NC,{'Clothing': 337},{'PAYPAL': 335}
DC,,,,LAWSON STATION SHERATO,337,99.5,LAWSON STATION SHERATO   HONOLULU     HI,1.1,LAWSON STATION SHERATO   HONOLULU     HI,{'Groceries': 337},
DC,,,,INTERNET HANA,337,254.8,INTERNET HANA-CUPID      TOKYO        JPN,-76,INTERNET HANA-CUPID      TOKYO        JPN,{'Shopping': 337},
DC,,,,GONGQIAO,337,66.5,PAYPAL *GONGQIAO         402-935-7733 CA,-29.9,PAYPAL *GONGQIAO         402-935-7733 CA,{'Shopping': 337},"{'PAYPAL': 322, 'PAYPAL EBAY': 15}"
DC,,,,FAIRFIELD GAS,337,150,FAIRFIELD GAS 5180       FAIRFIELD    IA,1,FAIRFIELD GAS 5180       FAIRFIELD    IA,{'Gas': 337},
DC,,,,ECKERTS,337,235,ECKERTS                  BELLEVILLE   IL,1,ECKERTS                  BELLEVILLE   IL,{'Groceries': 337},
DC,,,,E PERMITS,337,940.6,E PERMITS                909-7481582  CA,40.1,E PERMITS                909-7481582  CA,{'Education': 337},
DC,,,,DONG INC,337,352.1,DONG INC                 GREELEY      CO,4.2,DONG INC                 GREELEY      CO,{'Restaurants': 337},
DC,,,,DailyDealOmaha.com,337,275,IMS*DailyDealOmaha.com   800-7469124  NE,-20,IMS*DailyDealOmaha.com   800-7469124  NE,{'Printing': 337},{'IMS': 337}
DC,,,,CLIVES ROADHOUSECHAMPLIN,337,205,CLIVES ROADHOUSECHAMPLIN CHAMPLIN     MN,3.5,CLIVES ROADHOUSECHAMPLIN CHAMPLIN     MN,{'Alcohol & Bars': 337},
DC,,,,CARBONES,337,195,CARBONES                 BILLINGS     MT,10,CARBONES                 BILLINGS     MT,{'Restaurants': 337},
DC,,,,BOXOFFICETICKETSALES,337,991.8,BOXOFFICETICKETSALES     866-625-4586 NE,-991.8,BOXOFFICETICKETSALES     OMAHA        NE,{'Entertainment': 337},
DC,,,,BCF,337,935.5,BCF-CUSTOMER SERVICE CENTVICTORIA     BC,-146.6,BCF-CUSTOMER SERVICE CENTVICTORIA     BC,{'Travel': 337},"{'CUSTOMER SERVICE': 5, 'CUSTOMER SERVICE CENT': 18, 'TSA SELF SERVE TICKET': 7, 'SWB SELF SERVE TICKET': 4}"
DC,,,,ATLANTIC VENDI,337,4.5,USA*USA*ATLANTIC VENDI   SECAUCUS     NJ,-2.2,CMSVEND*ATLANTIC VENDI   WALL TOWNSHIPNJ,{'Fast Food': 337},"{'USA USA': 226, 'CMSVEND': 111}"
DC,,,,THE LIQUOR HOT,336,207.1,SQ *THE LIQUOR HOT       YANKTON      SD,1.4,SQ *THE LIQUOR HOT       YANKTON      SD,{'Groceries': 336},{'SQ': 336}
DC,,,,TANDP LLC,336,439.2,TANDP LLC                BOULDER      CO,-50.7,TANDP LLC                BOULDER      CO,{'Groceries': 336},
DC,,,,SOUTHERN,336,993.7,SOUTHERN MINNESOTA ORT   NEW ULM      MN,-31.9,BLUDLPHN.COM*SOUTHERN    877-2029589  CT,{'Dentist': 336},{'RPS': 1}
DC,,,,SKY BRIDGE ORD,336,132.1,SKY BRIDGE ORD           CHICAGO      IL,0.2,SKY BRIDGE ORD           CHICAGO      IL,{'Restaurants': 336},
DC,,,,SIDEDEAL.COM,336,237,SIDEDEAL.COM             HTTPSCHECKOUTTX,-47.9,SIDEDEAL.COM             877-887-7815 TX,{'Business Services': 336},
DC,,,,RED CROSS PHAR,336,481.9,RED CROSS PHAR06982466   SPOONER      WI,-40.6,RED CROSS PHAR06982466   SPOONER      WI,{'Pharmacy': 336},
DC,,,,RAL ID PARKS AND REC,336,693.8,RAL*ID PARKS AND REC     888-778-4520 NY,-622.4,RAL*ID PARKS AND REC     888-778-4520 NY,{'Uncategorized': 336},
DC,,,,NANCHANGMAC,336,187.8,PAYPAL *NANCHANGMAC      402-935-7733 CA,-128,PAYPAL *NANCHANGMAC      4029357733,{'Internet': 336},{'PAYPAL': 336}
DC,,,,MT HIAW TVM LNBERG TERM,336,65,MT HIAW TVM LNBERG TERM  MINNEAPOLIS  MN,1,MT HIAW TVM LNBERG TERM  MINNEAPOLIS  MN,{'Travel': 336},
DC,,,,Mobile War LLC,336,108.2,GOOGLE *Mobile War LLC   g.co/helppay#CA,-99.9,GOOGLE *Mobile War LLC   g.co/helppay#CA,{'Electronics & Software': 336},{'GOOGLE': 336}
DC,,,,MIDTOWN PRONTO,336,213.8,MIDTOWN PRONTO           STORM LAKE   IA,1.1,MIDTOWN PRONTO           STORM LAKE   IA,{'Gas': 336},
DC,,,,LOWES SIGNATURE MK,336,231.3,LOWES SIGNATURE MK       ALAMOGORDO   TX,1.7,LOWES SIGNATURE MK #     ALAMOGORDO   TX,{'Groceries': 336},
DC,,,,KOLEY RELIGIOUS SUPPLY,336,470.9,KOLEY RELIGIOUS SUPPLY   OMAHA        NE,4.6,KOLEY RELIGIOUS SUPPLY   OMAHA        NE,{'Shopping': 336},
DC,,,,KMARTMARKETPLACE,336,509,KMARTMARKETPLACE7864     847-286-2500 IL,-104.2,KMARTMARKETPLACE7864     NAPERVILLE   IL,{'Shopping': 336},
DC,,,,GRIDIRONGRILL,336,231.7,GRIDIRONGRILL            WEBSTERCITY  IA,5,GRIDIRONGRILL            BREESE       IL,{'Restaurants': 336},
DC,,,,FW NEWSPAPER SUSCRIBER,336,192.4,FW NEWSPAPER SUSCRIBER   8003240505   IN,-136.7,FW NEWSPAPER SUSCRIBER   800-324-0505 IN,{'Books': 336},
DC,,,,FUELROD,336,96.3,FUELROD                  8443835763   CA,1,FUELROD                  8443835763   CA,{'Shopping': 336},{'BT': 8}
DC,,,,FASTPASS,336,98.1,FASTPASS                 800-969-2440 NJ,-63.8,FASTPASS                 MARLTON      NJ,{'Shopping': 336},
DC,,,,F-,336,305,F-G*                     855-6888655  VA,-182,F-G*APXLEADERSHIP        855-6888655  VA,{'Gifts & Donations': 336},"{'WESTMICHIGANHOCKE': 3, 'HUMANESOCIETYFORG': 1, 'TOLLFOUNDATION': 1, 'SEATTLECHILDRENSH': 2, 'ONETAILATATIMENFP': 2, 'ACTONANDBOXBOROUG': 1, 'APXLEADERSHIP': 290, 'MOTHERHUBBARDSCUP': 1}"
DC,,,,EPIA PARKING,336,196,EPIA PARKING             EL PASO      TX,1,EPIA PARKING             EL PASO      TX,{'Parking': 336},
DC,,,,DECKERS USA,336,248.9,QUADPAY* DECKERS USA     NEW YORK     NY,-86.6,QUADPAY* DECKERS USA     833-782-3729 NY,{'Shopping': 336},{'QUADPAY': 336}
DC,,,,CHESTERFIELD CROSS CIN,336,276,CHESTERFIELD CROSS CIN   CHESTERFIELD MI,-33,CHESTERFIELD CROSS CIN   CHESTERFIELD MI,{'Movies & DVDs': 336},
DC,,,,CERES CAFE,336,35,CERES CAFE    31049208   JOHNSTON     IA,0.7,CERES CAFE    31049208   JOHNSTON     IA,{'Restaurants': 336},
DC,,,,CAFETERIA AT THOMAS ME,336,15.6,CAFETERIA AT THOMAS ME   SOUTH CHARLESWV,1,CAFETERIA AT THOMAS ME   SOUTH CHARLESWV,{'Fast Food': 336},
DC,,,,BASHAMICHI,336,488.6,BASHAMICHI               MILLBRAE     CA,-13,BASHAMICHI               MILLBRAE     CA,{'Restaurants': 336},
DC,,,,ADVENTURE OF THE SEAS,336,981,ADVENTURE OF THE SEAS    MIAMI        FL,-63.4,ADVENTURE OF THE SEAS    MIAMI        FL,{'Travel': 336},
DC,,,,AAASP,336,310,AAASP MBR DUES-A         717-600-8900 PA,5.3,AAASP CHAMBERSBURG-R     CHAMBERSBURG PA,{'Gifts & Donations': 336},"{'INTERNET RETAIL': 96, 'MBR DUES': 210}"
DC,,,,WESTERN SCHOOLS,335,291.9,WESTERN SCHOOLS          800-9538731  MO,-67.4,GSC*WESTERN SCHOOLS      800-618-1670 MA,{'Education': 335},{'GSC': 127}
DC,,,,VZN BR CAFE,335,17.2,VZN BR CAFE   19400654   BASKING RIDGENJ,0.8,VZN BR CAFE   19400654   BASKING RIDGENJ,{'Fast Food': 335},
DC,,,,ROYAL FARMS UNBR,335,187.2,ROYAL FARMS  079  Q7/UNBRNEW CHURCH   VA,1,ROYAL FARMS  043  Q7/UNBRLUTHERVILLE  MD,{'Gas': 335},
DC,,,,REXALL PHARMACY,335,391.9,REXALL PHARMACY #7288    CALGARY      AB,-102.4,REXALL PHARMACY #7401    ALTONA       MB,{'Pharmacy': 335},
DC,,,,RESTAURANT DEPOT,335,954.3,RESTAURANT DEPOT         LAS VEGAS    NV,-307.3,RESTAURANT DEPOT         LAS VEGAS    NV,{'Groceries': 335},
DC,,,,MEUNDIES,335,586.5,PAYPAL *MEUNDIES         402-935-7733 CA,-59.1,PAYPAL *MEUNDIES         4029357733   CA,{'Clothing': 335},{'PAYPAL': 306}
DC,,,,MAURER'S MARKET,335,411.2,MAURER'S MARKET          WISCONSIN DELWI,1.3,MAURER'S MARKET          WISCONSIN DELWI,{'Groceries': 335},
DC,,,,LUX-ESPORTS,335,250,LUX-ESPORTS              LAS VEGAS    NV,-35,LUX-ESPORTS              LAS VEGAS    NV,{'Restaurants': 335},
DC,,,,"JOY, LLC",335,410.2,"JOY, LLC                 DICKINSON    ND",-53.2,"JOY, LLC                 DICKINSON    ND",{'Groceries': 335},
DC,,,,INK TECHNOLOGIES LLC,335,500,INK TECHNOLOGIES LLC     866-3132879  OH,-134.3,INK TECHNOLOGIES LLC     866-3132879  OH,{'Office Supplies': 335},
DC,,,,HOMERS MUSIC,335,971,HOMERS MUSIC             OMAHA        NE,1,HOMERS MUSIC             OMAHA        NE,{'Music': 335},
DC,,,,GOOD SAM EA / TRVLASST,335,474.9,GOOD SAM EA+/TRVLASST    888-853-7333 CA,-161.9,GOOD SAM EA+/TRVLASST    888-853-7333 CA,{'Doctor': 335},
DC,,,,GEL NAILS,335,190,GEL NAILS                OMAHA        NE,1,GEL NAILS                OMAHA        NE,{'Hair': 335},
DC,,,,GAPOS CASHIER,335,58,GAPOS CASHIER 2          BOSTON       MA,5,GAPOS CASHIER 2          BOSTON       MA,{'Parking': 335},
DC,,,,FBV STUDIO MOVIE GR,335,149.5,020FBV STUDIO MOVIE GR   ROCKLIN      CA,-23.8,013FBV STUDIO MOVIE GR   WHEATON      IL,{'Restaurants': 335},
DC,,,,ETT MarkelINSURANCE,335,369.4,ETT*MarkelINSURANCE      866-2491066  UT,-32.4,ETT*MarkelINSURANCE      866-2491066  UT,{'Financial': 335},
DC,,,,DAVID,335,950,PP*DAVID                 4029352244   FL,-224.1,PAYPAL *DAVID            4029357733   CA,{'Business Services': 335},"{'PP': 4, 'PAYPAL': 166, 'BIDNEY SNAP ON': 1, 'SQ SQ': 10, 'E ADLER RUG CLEA': 1, 'SQU SQ': 44, 'PAYPAL EBAY': 8, 'SQUARE SQ': 4, 'SQ': 76}"
DC,,,,CARE INC,335,925.9,CARE INC                 DICKINSON    ND,6,CARE INC                 DICKINSON    ND,{'Service & Parts': 335},
DC,,,,YMailPro Annual,334,37.7,YMailPro Annual          866-562-7228 CA,34.9,YMailPro Annual          866-562-7228 CA,{'Internet': 334},
DC,,,,UNCH CAFE,334,41.7,UNCH CAFE 2              CHAPEL HILL  NC,-5.6,UNCH CAFE 2              CHAPEL HILL  NC,{'Restaurants': 334},
DC,,,,SHIP STICKS,334,864,SHIP STICKS              561-4293900  FL,-133.9,SHIP STICKS              561-4293900  FL,{'Shipping': 334},{'BT': 3}
DC,,,,SANDHILL CAFE,334,109.1,SANDHILL CAFE            WAYLAND      MI,0.6,SANDHILL CAFE            WAYLAND      MI,{'Fast Food': 334},
DC,,,,PARKS VETERINARY,334,900,PARKS VETERINARY         GRAND ISLAND NE,-33.3,PARKS VETERINARY         GRAND ISLAND NE,{'Veterinary': 334},
DC,,,,OUTBACK AS,334,273.7,OUTBACK AS4 MCO          ORLANDO      FL,2.6,OUTBACK AS4 MCO          ORLANDO      FL,{'Restaurants': 334},
DC,,,,NORTHERN VENDI,334,3.1,USA*USA*NORTHERN VENDI   WARREN       MI,0.9,USA*USA*NORTHERN VENDI   HOMER        MI,{'Fast Food': 334},{'USA USA': 334}
DC,,,,MACCOSMETIC,334,330,PAYPAL *MACCOSMETIC      4029357733   NY,-212.3,PAYPAL *MACCOSMETIC      4029357733   NY,{'Personal Care': 334},{'PAYPAL': 334}
DC,,,,LUX-BLUE MAN BAR,334,119.5,LUX - BLUE MAN BAR       LAS VEGAS    NV,3.7,LUX - BLUE MAN BAR       LAS VEGAS    NV,{'Alcohol & Bars': 334},
DC,,,,KMARTCORPOR,334,321.7,PAYPAL *KMARTCORPOR      402-935-7733 IL,-48.9,PAYPAL *KMARTCORPOR      4029357733   IL,{'Shopping': 334},{'PAYPAL': 334}
DC,,,,JUSTICE GOLO,334,113,JUSTICE GOLO             JUSTICE      IL,1,JUSTICE GOLO             JUSTICE      IL,{'Gas': 334},
DC,,,,H & I NUTRITION BISMARCK TR,334,369.6,H&I NUTRITION BISMARCK TRBISMARCK     ND,-48.9,H&I NUTRITION BISMARCK TRBISMARCK     ND,{'Groceries': 334},
DC,,,,DERMSTORELL,334,684.7,PAYPAL *DERMSTORELL      402-935-7733 CA,-323.3,PAYPAL *DERMSTORELL      402-935-7733 CA,{'Personal Care': 334},{'PAYPAL': 334}
DC,,,,DeezerNORTHAMERICA,334,239.8,DeezerNORTHAMERICA       Paris,-9.9,DeezerNORTHAMERICA       Paris,{'Entertainment': 334},
DC,,,,BRAVE THE SHAVE,334,900,BRAVE THE SHAVE          WWW.BRAVETHESND,-100,BRAVE THE SHAVE          1-701-2582797ND,{'Gifts & Donations': 334},{'SQ': 7}
DC,,,,ARC'TERYX EQUIPMENT,334,994.2,ARC'TERYX EQUIPMENT      866-458-2473 BC,-915.8,ARC'TERYX EQUIPMENT      866-458-2473 BC,{'Sporting Goods': 334},
DC,,,,ALL SPICE CAFE,334,27.2,ALL SPICE CAFE           ATLANTA      GA,1,ALL SPICE CAFE           ATLANTA      GA,{'Restaurants': 334},
DC,,,,23 ANDME INC,334,928.9,PAYPAL *23ANDME INC      402-935-7733 CA,-199,PAYPAL *23ANDME INC      402-935-7733 CA,{'Entertainment': 334},"{'PP': 4, 'PAYPAL': 330}"
DC,,,,WILLIAMSBURG MGS,333,75,WILLIAMSBURG MGS 209     WILLIAMSBURG PA,1.3,WILLIAMSBURG MGS 209     WILLIAMSBURG PA,{'Gas': 333},
DC,,,,VIKING RIVER CRUISES,333,998,VIKING RIVER CRUISES     BASEL        CHE,-998,VIKING RIVER CRUISES     BASEL        CHE,{'Travel': 333},
DC,,,,ULTA STORE,333,335.3,ULTA STORE 1141 0000     ARDMORE      OK,-168,ULTA STORE 1195          ROLLING HILLSCA,{'Shopping': 333},
DC,,,,SHRI HARI NEWS,333,157,SQ *SQ *SHRI HARI NEWS   NEW YORK     NY,1.5,SQ *SHRI HARI NEWS       NEW YORK     NY,{'Groceries': 333},"{'SQ SQ': 124, 'SQ': 209}"
DC,,,,RDOAG HAZ,333,998.5,RDOAG HAZ 010159         701-7482708  ND,-536.1,RDOAG HAZ 010159         701-7482708  ND,{'Auto & Transport': 333},
DC,,,,RAMEN NAGI,333,143.4,RAMEN NAGI               PALO ALTO    CA,14.7,RAMEN NAGI               PALO ALTO    CA,{'Restaurants': 333},
DC,,,,Pool Games,333,106.9,GOOGLE *Pool Games       g.co/helppay#CA,0.9,GOOGLE *Pool Games       g.co/helppay#CA,{'Entertainment': 333},{'GOOGLE': 333}
DC,,,,OP FARMSTEAD,333,72,OP FARMSTEAD             913-8972360  KS,1.2,OP FARMSTEAD             913-8972360  KS,{'Food & Dining': 333},
DC,,,,OMNIGOODIES,333,290,PAYPAL *OMNIGOODIES      54845167,-74.9,OMNIGOODIES              HONG KONG,{'Furnishings': 333},{'PAYPAL': 198}
DC,,,,MYUNGRANG RICE HOTDOG HAW,333,39.2,MYUNGRANG RICE HOTDOG HAWHONOLULU     HI,1.5,MYUNGRANG RICE HOTDOG HAWHONOLULU     HI,{'Fast Food': 333},
DC,,,,MOES SOUTHWES,333,85.6,DOORDASH*MOES SOUTHWES   STRIPE.COM   CA,-18.3,DOORDASH*MOES SOUTHWES   650-681-9470 CA,{'Restaurants': 333},{'DOORDASH': 333}
DC,,,,MINERAL PALACE HTL & CS F,333,432.8,MINERAL PALACE HTL&CS F/ DEADWOOD     SD,3.5,MINERAL PALACE HTL&CS F/ DEADWOOD     SD,{'Restaurants': 333},
DC,,,,LYNN HALL BEACH PARK,333,16,LYNN HALL BEACH PARK     FT MYERS BCH FL,2,LYNN HALL BEACH PARK     FT MYERS BCH FL,{'Uncategorized': 333},
DC,,,,JBLE,333,679,JBLE-EUS MAIN STORE      FORT EUSTIS  VA,-40,JBLE-LAN MAIN STORE      LANGLEY AFB  VA,{'Shopping': 333},
DC,,,,J STARR OIL,333,100,J STARR OIL              HANKINSON    ND,0.1,J STARR OIL              HANKINSON    ND,{'Gas': 333},
DC,,,,HILTONGARDENINNDT,333,781.8,HILTONGARDENINNDT3767    OMAHA        NE,-298.7,HILTONGARDENINNDT3767    OMAHA        NE,{'Hotel': 333},
DC,,,,GARFIELD GARAGE,333,12,GARFIELD GARAGE          CINCINNATI   OH,1,GARFIELD GARAGE          CINCINNATI   OH,{'Uncategorized': 333},
DC,,,,FANJOY,333,284.1,SP * FANJOY              6507312206   CA,-36.3,SP * FANJOY              650-731-2206 CA,{'Clothing': 333},{'SP': 333}
DC,,,,ECKLERENTER,333,897.8,PAYPAL *ECKLERENTER      402-935-7733 FL,0,PAYPAL *ECKLERENTER      402-935-7733 FL,{'Auto & Transport': 333},{'PAYPAL': 333}
DC,,,,CS NordstromGiftCard,333,600,CS NordstromGiftCard     877-850-1977 ME,-150,CS NordstromGiftCard     877-850-1977 ME,{'Uncategorized': 333},
DC,,,,CRAFT CULINARY CONCEPT,333,576.3,CRAFT CULINARY CONCEPT   GLENDALE     AZ,1,CRAFT CULINARY CONCEPT   GLENDALE     AZ,{'Fast Food': 333},
DC,,,,CORPORATE FILINGS LLC,333,948,CORPORATE FILINGS LLC    888-7898466  WY,-500,CORPORATE FILINGS LLC    888-7898466  WY,{'Business Services': 333},
DC,,,,CONVENIENCE PLUS LLC,333,83.4,CONVENIENCE PLUS LLC     HONOKAA      HI,-15,CONVENIENCE PLUS LLC     HONOKAA      HI,{'Gas': 333},
DC,,,,CLASSIC CORNER,333,81.7,CLASSIC CORNER           BALTIC       SD,2.8,CLASSIC CORNER           BALTIC       SD,{'Gas': 333},
DC,,,,YRONLNBKSTR,332,22.9,PAYPAL *YRONLNBKSTR      402-935-7733 CA,-5.6,PAYPAL *YRONLNBKSTR      4029357733   TX,{'Books': 332},{'PAYPAL': 332}
DC,,,,USCONNECT WALTB VEND,332,3.7,USCONNECT WALTB VEND N   FERNDALE     WA,0.9,USCONNECT WALTB VEND N   FERNDALE     WA,{'Fast Food': 332},
DC,,,,TME CookLght,332,22.4,TME*HKUWW6*CookLght      855-226-0424 NY,-38,TME*33NSU5*CookLght      855-427-1653 NY,{'Shopping': 332},
DC,,,,THE WATER CLUB F & B,332,418.6,THE WATER CLUB F&B       ATLANTIC CITYNJ,4.2,THE WATER CLUB F&B       ATLANTIC CITYNJ,{'Restaurants': 332},
DC,,,,RAKUTENTRAVELKOKUNAISHUKU,332,993.2,RAKUTENTRAVELKOKUNAISHUKUTOKYO,-267,RAKUTENTRAVELKOKUNAISHUKUTOKYO,{'Travel': 332},
DC,,,,QE PARTS,332,696.4,PAYPAL *EBAY QE PARTS    402-935-7733 CA,-696.4,PAYPAL *EBAY QE PARTS    402-935-7733 CA,{'Auto & Transport': 332},"{'PAYPAL': 270, 'PAYPAL EBAY': 62}"
DC,,,,OCEAN ONE GRILL,332,205.5,SQ *OCEAN ONE GRILL      LAS VEGAS    NV,6.4,SQ *OCEAN ONE GRILL      LAS VEGAS    NV,{'Restaurants': 332},{'SQ': 332}
DC,,,,MARTHAS VINEYARD,332,468.4,MARTHAS VINEYARD         GRAND RAPIDS MI,0.4,MARTHAS VINEYARD         GRAND RAPIDS MI,{'Fast Food': 332},
DC,,,,JAMBU,332,447.3,JAMBU                    212-246-1900 NY,-158.1,JAMBU                    NEW YORK     NY,{'Clothing': 332},"{'PAYPAL': 75, 'SQ': 2}"
DC,,,,Goodgame,332,107.1,GOOGLE *Goodgame         g.co/helppay#CA,0.9,GOOGLE *Goodgame         g.co/helppay#CA,{'Electronics & Software': 332},{'GOOGLE': 332}
DC,,,,FIRE LAKE DISCOUNT,332,277.4,FIRE LAKE DISCOUNT       SHAWNEE      OK,2,FIRE LAKE DISCOUNT       SHAWNEE      OK,{'Groceries': 332},
DC,,,,FEMAILCREATIONS.COM,332,377.4,FEMAILCREATIONS.COM      479-754-2146 AR,-69.5,FEMAILCREATIONS.COM      479-754-2146 AR,{'Shopping': 332},
DC,,,,DIXXON FLANNEL CO,332,333.9,DIXXON FLANNEL CO.       TEMPE        AZ,-91.9,DIXXON FLANNEL CO.       949-463-6480 AZ,{'Clothing': 332},
DC,,,,DADY DRUG,332,930.6,DADY DRUG                MOBRIDGE     SD,-32.9,DADY DRUG                MOBRIDGE     SD,{'Shopping': 332},
DC,,,,D & G SPORTS AND WESTE,332,889.9,D&G SPORTS AND WESTE     GLASGOW      MT,-219.9,D&G SPORTS AND WESTE     GLASGOW      MT,{'Sporting Goods': 332},
DC,,,,CLKBANK TRIM DOWN CLUB,332,71.7,CLKBANK*TRIM DOWN CLUB   800-390-6035 ID,-70.1,CLKBANK*TRIM DOWN CLUB   800-390-6035 ID,{'Electronics & Software': 332},
DC,,,,CHINESEALLCORP,332,108.3,GOOGLE*CHINESEALLCORP    INTERNET     CA,0.5,GOOGLE*CHINESEALLCORP    G.CO HELPPAY#CA,{'Entertainment': 332},{'GOOGLE': 332}
DC,,,,BLOOOM.COM,332,108,BLOOOM.COM - 401K        8884468416   KS,-73.5,BLOOOM.COM - 401K        888-446-8416 KS,{'Business Services': 332},
DC,,,,AMERICAN BANK CHECKS,332,522.8,AMERICAN BANK CHECKS     800-334-0156 TX,11.8,AMERICAN BANK CHECKS     800-334-0156 TX,{'Shopping': 332},
DC,,,,WORLD DUTY FREE,331,488.2,WORLD DUTY FREE          RICHMOND     BC,-98.4,WORLD DUTY FREE          RICHMOND     BC,{'Shopping': 331},
DC,,,,WEST SWANZEY IRVING,331,173,WEST SWANZEY IRVING      WEST SWANZEY NH,5.6,WEST SWANZEY IRVING      WEST SWANZEY NH,{'Gas': 331},
DC,,,,VEND CAF,331,3.1,CMSVEND*VEND CAF         KERNERSVILLE NC,0.4,CMSVEND*VEND CAF         KERNERSVILLE NC,{'Fast Food': 331},{'CMSVEND': 331}
DC,,,,TAXI,331,415.1,TAXI 166 JAIME PAYERAS   MARRATXI,1.7,TAXI 3A-38575757         HA NOI,{'Rental Car & Taxi': 331},"{'PP': 9, 'SQ SQ': 4, 'SQU SQ': 1, 'SQUARE SQ': 8, 'SQ': 53}"
DC,,,,SPRINT RETAIL,331,902,SPRINT RETAIL #250978    ST LOUIS     MO,-75.2,SPRINT RETAIL #7404      POTTSTOWN    PA,{'Home Phone': 331},
DC,,,,SKY MART,331,139.8,SKY MART                 WARRIORS MARKPA,1.4,SKY MART                 WARRIORS MARKPA,{'Gas': 331},
DC,,,,RAO CA HUNT & FISH,331,473.5,RAO*CA HUNT&FISH         888-773-8450 TX,2.4,RAO*CA HUNT&FISH         888-773-8450 TX,{'Uncategorized': 331},
DC,,,,OUTBACK AT BOOMERANG LIN,331,227.8,OUTBACK AT BOOMERANG LIN GREELEY      CO,2.5,OUTBACK AT BOOMERANG LIN GREELEY      CO,{'Alcohol & Bars': 331},
DC,,,,MYERS'MEATS,331,915,MYERS' MEATS             GARRISON     ND,3.4,MYERS' MEATS             GARRISON     ND,{'Groceries': 331},
DC,,,,MECHANIST,331,107.1,GOOGLE*MECHANIST         INTERNET     CA,0.9,GOOGLE*MECHANIST         INTERNET     CA,{'Entertainment': 331},{'GOOGLE': 331}
DC,,,,MARKET,331,195.7,MARKET                   SEATTLE      WA,-30.3,MARKET                   LAKE BUENA VIFL,{'Fast Food': 331},{'QPS': 19}
DC,,,,MANGAOKOKU,331,101.3,MANGAOKOKU               TOKYO,0.4,MANGAOKOKU               TOKYO,{'Shopping': 331},
DC,,,,LUMEDEODORA,331,105.4,PAYPAL *LUMEDEODORA      402-935-7733 MN,-29.2,PAYPAL *LUMEDEODORA      402-935-7733 MN,{'Personal Care': 331},{'PAYPAL': 331}
DC,,,,LUCKY'S ROCK HILL,331,174.2,LUCKY'S ROCK HILL        ST. LOUIS    MO,-2.1,LUCKY'S ROCK HILL        ST. LOUIS    MO,{'Groceries': 331},
DC,,,,JUVETRESS,331,278.1,JUVETRESS                877-3001806  CA,-240,JUVETRESS                877-3001806  CA,{'Shopping': 331},
DC,,,,HORTON'S TRUEVALUE,331,301.1,HORTON'S TRUEVALUE       CHETEK       WI,-20,HORTON'S TRUEVALUE       CHETEK       WI,{'Home': 331},
DC,,,,HELLOFRESHUS,331,126.8,HELLOFRESHUS*216387499   NEW YORK     NY,1,HELLOFRESHUS*251494973   NEW YORK     NY,{'Groceries': 331},
DC,,,,GOODIES & GAS,331,200,SQU*SQ *GOODIES & GAS    Wykoff       MN,2,SQ *GOODIES & GAS        WYKOFF       MN,{'Gas': 331},"{'SQU SQ': 9, 'SQ': 322}"
DC,,,,GINNYS INC,331,819.9,CB *GINNYS INC           800-5441590  WI,-347.1,CB *GINNYS INC           800-544-1590 WI,{'Shopping': 331},
DC,,,,GEORGES PIZZA,331,190.2,GEORGES PIZZA - SD       BROOKINGS    SD,1.7,SQ *GEORGES PIZZA        ROMEOVILLE   IL,{'Restaurants': 331},{'SQ': 2}
DC,,,,FAMILY SERVICE LINCOLN,331,825,FAMILY SERVICE LINCOLN   402-441-7949 NE,14,FAMILY SERVICE LINCOLN   402-441-7949 NE,{'Babysitter & Daycare': 331},
DC,,,,DISCOUNTBODY,331,659.5,DISCOUNTBODY*            800-913-6127 CA,-344.3,DISCOUNTBODY*            800-913-6127 CA,{'Auto & Transport': 331},
DC,,,,DHHS CENTRAL REG CHECK,331,5,DHHS CENTRAL REG CHECK   402-4717810  NE,4,DHHS CENTRAL REG CHECK   402-4717810  NE,{'Uncategorized': 331},
DC,,,,CHILIS DFW,331,149.7,CHILIS DFW               DALLAS       TX,1.6,CHILIS DFW               DALLAS       TX,{'Restaurants': 331},
DC,,,,BZP,331,999.9,BZP*1800903542           HUIXQUILUCAN,-537.5,BZP*18886001474 A        HUIXQUILUCAN,{'Shopping': 331},
DC,,,,BRO'S INC,331,300.8,BRO'S INC                MARTIN       SD,0,BRO'S INC                MARTIN       SD,{'Gas': 331},
DC,,,,BBH NY CAFE,331,25.5,BBH NY CAFE   11304904   NEW YORK     NY,0.9,BBH NY CAFE   11304904   NEW YORK     NY,{'Fast Food': 331},
DC,,,,ARCO AUGERS MOTLEY EXPRES,331,103.9,ARCO AUGERS MOTLEY EXPRESMOTLEY       MN,1.2,ARCO AUGERS MOTLEY EXPRESMOTLEY       MN,{'Gas': 331},
DC,,,,ALLEGANY GAS AND SMOKES,331,783.5,ALLEGANY GAS AND SMOKES  SALAMANCA    NY,1.8,ALLEGANY GAS AND SMOKES  SALAMANCA    NY,{'Gas': 331},
DC,,,,VUELING AIRL,330,947.8,VUELING AIRL0000000E7RCHLVUELING.COM,-288,VUELING AIRL0000000DF2PUTVUELING.COM,{'Air Travel': 330},
DC,,,,TME EWMag,330,79.1,TME*342JJ0*EWMag         855-427-1653 NY,-78.1,TME*PKXK3R*EWMag         855-427-1652 NY,{'Shopping': 330},"{'JPKUXN': 3, 'UN': 1}"
DC,,,,THE BETT PLEX LLC,330,900.9,THE BETT PLEX LLC        BETTENDORF   IA,-24.5,THE BETT PLEX LLC        BETTENDORF   IA,{'Restaurants': 330},
DC,,,,THATDAILYDEAL,330,140.7,THATDAILYDEAL            402-935-7733 TN,-123.8,THATDAILYDEAL            8888512304   TN,{'Shopping': 330},
DC,,,,TAYLOR CREEK STORE,330,438.2,TAYLOR CREEK STORE       DUBOIS       WY,1.9,TAYLOR CREEK STORE       DUBOIS       WY,{'Gas': 330},
DC,,,,SAMSARG,330,198.8,SAMSARG                  S. SIOUX CITYNE,3,SAMSARG                  S. SIOUX CITYNE,{'Gas': 330},
DC,,,,ROAST BLONDO LLC,330,44,ROAST BLONDO LLC         OMAHA        NE,1,ROAST BLONDO LLC         OMAHA        NE,{'Fast Food': 330},
DC,,,,PERCENTER REPRT UGAR,330,99,3-PERCENTER REPRT UGAR   5406935423   VA,-99,3-PERCENTER REPRT UGAR   5406935423   VA,{'Shopping': 330},
DC,,,,Nike Edinburgh,330,478.6,Nike Edinburgh 006       Edinburgh    IN,-204.5,Nike Edinburgh 006       Edinburgh    IN,{'Clothing': 330},
DC,,,,N & O CIRCULATION,330,563.2,N&O CIRCULATION          8005224205   NC,-333.2,N&O CIRCULATION          RALEIGH      NC,{'Shopping': 330},
DC,,,,MONUMENT VLY TRADE POST,330,366.1,MONUMENT VLY TRADE POST  MONUMENT VALLUT,-40,MONUMENT VLY TRADE POST  MONUMENT VALLUT,{'Shopping': 330},
DC,,,,MISTER TOAD,330,157,MISTER TOAD              OMAHA        NE,4.7,MISTER TOAD              OMAHA        NE,{'Alcohol & Bars': 330},
DC,,,,MARC'S LAKEWOOD,330,154.7,MARC'S LAKEWOOD          LAKEWOOD     OH,-47.4,MARC'S LAKEWOOD          LAKEWOOD     OH,{'Groceries': 330},
DC,,,,LAKE CITY FOOD,330,308.5,LAKE CITY FOOD           LAKE CITY    IA,1.4,LAKE CITY FOOD           LAKE CITY    IA,{'Auto & Transport': 330},
DC,,,,LADY M BRYANT P,330,240,SQ *LADY M BRYANT P      877-417-4551 NY,7.6,SQ *LADY M BRYANT P      NEW YORK     NY,{'Groceries': 330},{'SQ': 330}
DC,,,,Kaspersky Lab,330,192.5,DRI*Kaspersky Lab        952-9084089  MN,-192.5,DRI*Kaspersky Lab        952-9084089  MN,{'Shopping': 330},"{'DRI': 305, 'GOOGLE': 25}"
DC,,,,J BLDG CAFE,330,13.2,J BLDG CAFE   18203471   WASHINGTON   DC,0.8,J BLDG CAFE   18203471   WASHINGTON   DC,{'Fast Food': 330},
DC,,,,HASTINGS LANDING DINER,330,401.8,HASTINGS LANDING DINER   DRAYTON      ND,5.5,HASTINGS LANDING DINER   DRAYTON      ND,{'Restaurants': 330},
DC,,,,FLYNN'S GAS & CONVENIENC,330,121.1,FLYNN'S GAS & CONVENIENC SHREWSBURY   MA,1.9,FLYNN'S GAS & CONVENIENC SHREWSBURY   MA,{'Gas': 330},
DC,,,,CITATION PROCESSING CE,330,509.5,CITATION PROCESSING CE   800-9892058  CA,18.5,CITATION PROCESSING CE   800-9892058  CA,{'Legal': 330},
DC,,,,CHUANG COOL,330,106.7,GOOGLE *CHUANG COOL      g.co/helppay#CA,0.3,GOOGLE *CHUANG COOL      g.co/helppay#CA,{'Electronics & Software': 330},{'GOOGLE': 330}
DC,,,,BENTO-GEKO,330,66.4,SQ *BENTO-GEKO           BUENA PARK   CA,1,SQ     *SQ *BENTO-GEKO   Buena Park   CA,{'Restaurants': 330},"{'SQ SQ': 200, 'SQ': 130}"
DC,,,,AAA AL,330,215,AAA AL MEMBER PAYMENT    8005218124   CA,-161,AAA AL MEMBER PAYMENT    COSTA MESA   CA,{'Gifts & Donations': 330},"{'MBR RENEWAL': 161, 'MEMBERSHIP WEB': 40, 'MEMBER PAYMENT': 129}"
DC,,,,Winter Silks,329,321.9,Winter Silks             877-4554501  MA,-116.9,Winter Silks             877-4554501  MA,{'Clothing': 329},
DC,,,,VIRGINIANATURALGASBILL,329,725.8,VIRGINIANATURALGASBILL   866-383-1846 GA,7.5,VIRGINIANATURALGASBILL   866-383-1846 GA,{'Utilities': 329},
DC,,,,THE LEADERBOARD,329,467.1,THE LEADERBOARD          NORTH LIBERTYIA,4,THE LEADERBOARD          NORTH LIBERTYIA,{'Alcohol & Bars': 329},
DC,,,,TFX SIMPMINE,329,14.9,TFX*SIMPMINE8559127059   855-912-7059 IL,-14.9,TFX*SIMPMINE8559127059   855-912-7059 IL,{'Shopping': 329},
DC,,,,STRETCH INTERNET LLC,329,100,STRETCH INTERNET LLC     877-778-7382 AZ,-9.9,STRETCH INTERNET LLC     GILBERT      AZ,{'Utilities': 329},
DC,,,,S & D Print,329,213.8,AMZ*S&D Print            amazon-printsMD,-147.5,AMZ*S&D Print            amzn.com/pmtsWA,{'Electronics & Software': 329},{'AMZ': 329}
DC,,,,RT 9 FARMERS MRKT,329,92.5,RT9 FARMERS MRKT FH      FREEHOLD     NJ,1.8,RT9 FARMERS MRKT FH      FREEHOLD     NJ,{'Groceries': 329},
DC,,,,RIGHT AT SCHOOL,329,744,RIGHT AT SCHOOL          8552872466   IL,-195,RIGHT AT SCHOOL          8552872466   IL,{'Babysitter & Daycare': 329},
DC,,,,QUICKSHIPGO,329,473.9,PAYPAL *QUICKSHIPGO      402-935-7733 CA,-249.9,PAYPAL *QUICKSHIPGO      402-935-7733 CA,{'Sporting Goods': 329},"{'PAYPAL': 308, 'PAYPAL EBAY': 21}"
DC,,,,PHO NGON,329,183.1,PHO NGON SO 1            LAKE CITY    GA,10.1,PHO NGON SO 1            LAKE CITY    GA,{'Restaurants': 329},
DC,,,,PERMITWIZARD,329,140,VCN*PERMITWIZARD         BRENTWOOD    TN,8,VCN*PERMITWIZARD         BRENTWOOD    TN,{'Business Services': 329},{'VCN': 329}
DC,,,,NWH BEATRIX,329,300,NWH BEATRIX              CHICAGO      IL,1.5,NWH BEATRIX              CHICAGO      IL,{'Restaurants': 329},
DC,,,,EGAN BLUEJAYS CORP,329,207.4,SQ *EGAN BLUEJAYS CORP   Egan         SD,3.5,SQ *EGAN BLUEJAYS CORP   Egan         SD,{'Groceries': 329},{'SQ': 327}
DC,,,,ECOMELE,329,243.9,PAYPAL *ECOMELE          402-935-7733 CA,-149.9,PAYPAL *ECOMELE          4029357733   CA,{'Electronics & Software': 329},"{'EBAY ECOM': 1, 'PAYPAL': 299, 'PAYPAL EBAY': 29}"
DC,,,,CRAFTOUTLET.COM,329,871.1,CRAFTOUTLET.COM          800-596-9045 LA,-38,CRAFTOUTLET.COM          BATON ROUGE  LA,{'Shopping': 329},
DC,,,,ANKENY CINEMA ECOMM,329,137.4,ANKENY CINEMA ECOMM      417-339-0006 MO,-20.6,ANKENY CINEMA ECOMM      LIBERTY      MO,{'Movies & DVDs': 329},
DC,,,,VALOREBOOKS.COM,328,379,VALOREBOOKS.COM          888-8256731  MA,-129.8,VALOREBOOKS.COM          888-8256731  MA,{'Books': 328},
DC,,,,UHG MIN,328,15.1,UHG MIN 9900  19319268   HOPKINS      MN,0.8,UHG MIN 9900  19319268   HOPKINS      MN,{'Fast Food': 328},
DC,,,,THE GRAPEVINE,328,537.8,THE GRAPEVINE            TUCKERTON    NJ,0.5,THE GRAPEVINE            LINCOLN      NE,{'Restaurants': 328},
DC,,,,TELECOM SQUARE,328,751.4,TELECOM SQUARE           TOKYO,0,TELECOM SQUARE           TOKYO,{'Home Phone': 328},
DC,,,,REA-UND BO,328,996,REA-UND BO ACCT MGR      701-777-2236 ND,0,REA-UND BO ACCT MGR      701-777-2236 ND,{'Entertainment': 328},{'ACCT MGR': 328}
DC,,,,NEW JIN HU,328,110.1,NEW JIN HU               PERHAM       MN,3,NEW JIN HU               PERHAM       MN,{'Restaurants': 328},
DC,,,,MORTON C CAFE,328,12.4,MORTON C CAFE            MORTON       IL,1,MORTON C CAFE            MORTON       IL,{'Fast Food': 328},
DC,,,,MARRIOTT ARUBA,328,929.6,MARRIOTT ARUBA           ARUBA,-662.6,MARRIOTT ARUBA           ARUBA,{'Hotel': 328},
DC,,,,LOLAS LAKE HOUSE,328,597.9,LOLAS LAKE HOUSE         WACONIA      MN,5.4,LOLAS LAKE HOUSE         WACONIA      MN,{'Restaurants': 328},
DC,,,,KL,328,991.3,KL *KLWINES.COM          877-5594637  CA,-262,KL *KLWINES.COM          877-5594637  CA,{'Shopping': 328},{'PAYPAL': 3}
DC,,,,KILLIANS,328,419.8,KILLIANS                 SPEARFISH    SD,10.8,KILLIANS                 SPEARFISH    SD,{'Restaurants': 328},
DC,,,,HOTELCHOCOLAT,328,503,SP * HOTELCHOCOLAT       NEW YORK     NY,2.6,SP * HOTELCHOCOLAT       PARAMUS      NJ,{'Electronics & Software': 328},{'SP': 328}
DC,,,,HMC CAFE,328,23.6,HMC CAFE BREMERTON       BREMERTON    WA,0.7,HMC CAFE BREMERTON       BREMERTON    WA,{'Fast Food': 328},
DC,,,,HIHEALTH INNOVATIONS,328,950,HIHEALTH INNOVATIONS     855-523-9355 MN,-660,HIHEALTH INNOVATIONS     855-523-9355 MN,{'Health & Fitness': 328},
DC,,,,HARRINGTON'S SHOPWISE,328,83,HARRINGTON'S SHOPWISE    BELFAST      NY,5,HARRINGTON'S SHOPWISE    BELFAST      NY,{'Gas': 328},
DC,,,,GREENFIELDS MARKET,328,188.6,GREENFIELDS MARKET - N   GREENFIELD   MA,1.8,GREENFIELDS MARKET - NCG GREENFIELD   MA,{'Groceries': 328},
DC,,,,CCB MADISON,328,5,CCB MADISON              TAMPA        FL,0.5,CCB MADISON              TAMPA        FL,{'Fast Food': 328},
DC,,,,CAB STORE SCARBOROUGH,328,855,"CAB STORE SCARBOROUGH, M SCARBOROUGH  ME",-632.9,"CAB STORE SCARBOROUGH, M SCARBOROUGH  ME",{'Sporting Goods': 328},
DC,,,,BULBHEAD ATOMICBEAM,328,280.4,BULBHEAD    *ATOMICBEAM  855-7894106  NJ,-205.8,BULBHEAD    *ATOMICBEAM  855-7894106  NJ,{'Shopping': 328},
DC,,,,BOBSTORES.COM,328,577.9,BOBSTORES.COM            866-333-2627 PA,-65,BOBSTORES.COM            866-333-2627 PA,{'Clothing': 328},
DC,,,,AUTOMATIONDIRECT.COM,328,995.1,AUTOMATIONDIRECT.COM     770-889-7588 GA,-278.2,AUTOMATIONDIRECT.COM     CUMMING      GA,{'Home': 328},
DC,,,,AmericanFounda,328,300,FACEBK *AmericanFounda   donate.fb.comCA,5,FACEBK *AmericanFounda   donate.fb.comCA,{'Gifts & Donations': 328},{'FACEBK': 328}
DC,,,,UNIVCOMMCAFE,327,72.3,UNIVCOMMCAFE  63287551   UNIVERSAL CITCA,-12,UNIVCOMMCAFE  63287551   UNIVERSAL CITCA,{'Restaurants': 327},
DC,,,,TORONTO PARKING AUTHORITY,327,82,TORONTO PARKING AUTHORITYTORONTO      ON,0.3,TORONTO PARKING AUTHORITYTORONTO      ON,{'Parking': 327},
DC,,,,THE ATTIC,327,999.9,THE ATTIC                MINOT        ND,-880,THE ATTIC                MINOT        ND,{'Sporting Goods': 327},{'ONLINE': 33}
DC,,,,STANTON AGO,327,100,STANTON AGO              STANTON      MI,0.9,STANTON AGO              STANTON      MI,{'Gas': 327},
DC,,,,PRO RODEO GEAR,327,785.9,PRO RODEO GEAR           LAS VEGAS    NV,-149.3,PRO RODEO GEAR           LAS VEGAS    NV,{'Clothing': 327},
DC,,,,PARTY TIME LIQUOR,327,232,PARTY TIME LIQUOR        SPEARFISH    SD,2.1,PARTY TIME LIQUOR        SPEARFISH    SD,{'Alcohol & Bars': 327},
DC,,,,NUTRITION LOFT,327,154.9,NUTRITION LOFT           BISMARCK     ND,1,NUTRITION LOFT           BISMARCK     ND,{'Groceries': 327},
DC,,,,METZ GROUP,327,51.3,METZ GROUP - MLB AIRPORT MELBOURNE    FL,0.6,METZ GROUP - MA5016      BROOKLYN     NY,{'Fast Food': 327},"{'REINHARDT': 2, 'REINHARDT UN': 5}"
DC,,,,MARKEL PERSONAL LINES,327,990,MARKEL PERSONAL LINES    8002362453   WI,0,MARKEL PERSONAL LINES    800-236-2453 WI,{'Financial': 327},
DC,,,,LUXURY NAILS,327,200,LUXURY NAILS             OMAHA        NE,5,LUXURY NAILS             OMAHA        NE,{'Hair': 327},
DC,,,,KEYSTONE AUTO DISTRIBU,327,990.1,KEYSTONE AUTO DISTRIBU   5706032306   PA,-603.8,KEYSTONE AUTO DISTRIBU   EXETER       PA,{'Service & Parts': 327},
DC,,,,KELLYS COUNTRY MARKET,327,312,KELLYS COUNTRY MARKET    STEPHEN      MN,3.1,KELLYS COUNTRY MARKET    STEPHEN      MN,{'Groceries': 327},
DC,,,,ITOYOKADO,327,711.2,ITOYOKADO                TOUKIYOUTO   JPN,-92.2,ITOYOKADO                TOUKIYOUTO   JPN,{'Shopping': 327},
DC,,,,INKCARTRIDGES,327,356.2,INKCARTRIDGES            800-465-5387 CA,-43.7,INKCARTRIDGES            LONG BEACH   CA,{'Business Services': 327},
DC,,,,GAS FOR LESS,327,93.5,GAS FOR LESS             BLOOMINGTON  MN,1.9,GAS FOR LESS             BLOOMINGTON  MN,{'Gas': 327},
DC,,,,FRESH MARKETPLACE,327,205.7,FRESH MARKETPLACE        CHICAGO      IL,1,FRESH MARKETPLACE        CHICAGO      IL,{'Groceries': 327},
DC,,,,FOOD COURT-SPORTS,327,197.1,FOOD COURT - SPORTS      LAKE BUENA VIFL,1.4,FOOD COURT - SPORTS      LAKE BUENA VIFL,{'Fast Food': 327},
DC,,,,EXTREME NUTRITI,327,105,SQ *EXTREME NUTRITI      BISMARCK     ND,1.7,SQ *EXTREME NUTRITI      BISMARCK     ND,{'Groceries': 327},{'SQ': 327}
DC,,,,DO,327,208.1,DO-NE                    HONOLULU     HI,11.4,DO-NE                    HONOLULU     HI,{'Restaurants': 327},
DC,,,,C 3-CIBO EXPRESS,327,58.3,C3 - CIBO EXPRESS C131   NEWARK       NJ,-13.5,C3 - CIBO EXPRESS C132   NEWARK       NJ,{'Groceries': 327},
DC,,,,BC LIQUOR,327,440.4,BC LIQUOR #165           PITT MEADOWS BC,1.8,BC LIQUOR #302           WHISTLER     BC,{'Alcohol & Bars': 327},
DC,,,,B BOPS WEST,327,47.9,B BOPS WEST              DES MOINES   IA,-7.5,B BOPS WEST              DES MOINES   IA,{'Fast Food': 327},
DC,,,,WOODRUFF SUPERMARKE,326,426.2,WOODRUFF SUPERMARKE      LIBERTY      IN,0,WOODRUFF SUPERMARKE      LIBERTY      IN,{'Groceries': 326},
DC,,,,WINDSOR COLLECTION,326,286.6,WINDSOR COLLECTION       800-816-5311 OH,-110.1,AMK*WINDSOR COLLECTION   800-816-5311 OH,{'Clothing': 326},{'AMK': 313}
DC,,,,WHITEWATER TRAVEL PLAZ,326,250,WHITEWATER TRAVEL PLAZ   ST. CHARLES  MN,0,WHITEWATER TRAVEL PLAZ   ST. CHARLES  MN,{'Gas': 326},
DC,,,,UNITED ART AND EDUCATI,326,434.9,UNITED ART AND EDUCATI   MISHAWAKA    IN,1,UNITED ART AND EDUCATI   CENTERVILLE  OH,{'Office Supplies': 326},
DC,,,,TRAVEL RESERVATION,326,981.4,TRAVEL RESERVATION       877-283-5585 WA,-850.7,TRAVEL RESERVATION       877-283-5585 WA,{'Travel': 326},
DC,,,,TERMINIX SERVICE INC,326,975,TERMINIX SERVICE INC     803-7721783  SC,2.8,TERMINIX SERVICE INC     COLUMBIA     SC,{'Home': 326},
DC,,,,POD 1 SHOYU,326,129.3,POD1 SHOYU - EMV         MINNEAPOLIS  MN,4.8,POD1 SHOYU - EMV         MINNEAPOLIS  MN,{'Restaurants': 326},
DC,,,,OMNI CHEER,326,992.1,OMNI CHEER               800-299-7822 CA,-150,OMNI CHEER               800-299-7822 CA,{'Clothing': 326},{'PAYPAL EBAY': 1}
DC,,,,NY DAILY NEWS SUBSCRIP,326,260,NY DAILY NEWS SUBSCRIP   8006926397   TX,-6.5,NY DAILY NEWS SUBSCRIP   8006926397   TX,{'Shopping': 326},
DC,,,,NEON BAR,326,157,NEON BAR                 NORTHFIELD   OH,4,NEON BAR                 NORTHFIELD   OH,{'Restaurants': 326},
DC,,,,MYOLLIE.COM,326,433.2,MYOLLIE.COM              HTTPSMYOLLIE.NY,-160.7,MYOLLIE.COM              844-886-5543 NY,{'Pet Food & Supplies': 326},
DC,,,,MT MVD,326,526.5,MT MVD CREDIT CARD PORTALunknown      MT,-70,MT MVD CREDIT CARD PORTALHELENA       MT,{'Uncategorized': 326},{'CREDIT CARD PORTAL': 326}
DC,,,,MOTHER NATURES,326,267.8,MOTHER NATURES           ESTHERVILLE  IA,1.9,MOTHER NATURES           ESTHERVILLE  IA,{'Restaurants': 326},
DC,,,,MOEN INC PLUMBING,326,187.6,MOEN INC    *PLUMBING/   000-000-0000 OH,-38.2,MOEN INC    *PLUMBING/   000-000-0000 OH,{'Shopping': 326},
DC,,,,KU DINING SERVICES,326,48.3,KU DINING SERVICES       LAWRENCE     KS,0.1,KU DINING SERVICES       LAWRENCE     KS,{'Restaurants': 326},
DC,,,,JAY C FUEL,326,149.6,JAY C FUEL #8014         CORYDON      IN,-30,JAY C FUEL #8014         CORYDON      IN,{'Gas': 326},
DC,,,,HOPPING POT,326,69.1,HOPPING POT 01200831     ORLANDO      FL,5.2,HOPPING POT 01200831     ORLANDO      FL,{'Fast Food': 326},
DC,,,,HIGH HORSE,326,375,HIGH HORSE               BILLINGS     MT,3,HIGH HORSE               BILLINGS     MT,{'Alcohol & Bars': 326},{'PAYPAL': 1}
DC,,,,GOLDEN SINCLAIR,326,78.8,GOLDEN SINCLAIR          GOLDEN       CO,0.8,GOLDEN SINCLAIR          GOLDEN       CO,{'Gas': 326},
DC,,,,Game Insight,326,108.2,GOOGLE *Game Insight     g.co/helppay#CA,0.9,GOOGLE *Game Insight     g.co/helppay#CA,{'Entertainment': 326},{'GOOGLE': 326}
DC,,,,DONLAN S FOOD LAND & VARI,326,267.1,DONLAN S FOOD LAND & VARIMARION       SD,1.2,DONLAN S FOOD LAND & VARIMARION       SD,{'Groceries': 326},
DC,,,,CHURCH,326,900,CHURCH                   402-5712038  NE,-125,CHURCH                   OMAHA        NE,{'Gifts & Donations': 326},"{'PP': 1, 'PAYPAL': 1, 'PAW': 2, 'SQ': 1}"
DC,,,,BRAHAM SINCLAIR,326,95.9,BRAHAM SINCLAIR          BRAHAM       MN,1.2,BRAHAM SINCLAIR          BRAHAM       MN,{'Gas': 326},
DC,,,,BOSTONPROPE,326,713.8,PAYPAL *BOSTONPROPE      402-935-7733 FL,-321.5,PAYPAL *BOSTONPROPE      4029357733   FL,{'Clothing': 326},{'PAYPAL': 326}
DC,,,,BISON LIQUORS,326,79.5,BISON LIQUORS            FORT COLLINS CO,3.2,BISON LIQUORS            FORT COLLINS CO,{'Alcohol & Bars': 326},
DC,,,,BETHEL UNIV,326,150,BETHEL UNIV CA20013736   SAINT PAUL   MN,0.4,BETHEL UNIV CA20013736   SAINT PAUL   MN,{'Fast Food': 326},
DC,,,,BELECO SALON,326,252,SQ *BELECO SALON         Princeton    NJ,22,SQ *SQ *BELECO SALON     Princeton    NJ,{'Hair': 326},"{'SQ SQ': 131, 'SQ': 195}"
DC,,,,BCBS MN YANKEE,326,11.1,BCBS MN YANKEE11230935   EAGAN        MN,1.5,BCBS MN YANKEE11230935   EAGAN        MN,{'Fast Food': 326},
DC,,,,ANDOVER DINING,326,15.5,ANDOVER DINING10027282   ANDOVER      MA,0.8,ANDOVER DINING027282 9371ANDOVER      MA,{'Fast Food': 326},
DC,,,,ADM MEDIA,326,261.3,ADM MEDIA                704-206-1115 NC,-30.5,ADM MEDIA                704-206-1115 NC,{'Shopping': 326},
DC,,,,1 US TENNIS ASC,326,438.3,1US TENNIS ASC18670505   FLUSHING     NY,6.5,1US TENNIS ASC18670505   FLUSHING     NY,{'Restaurants': 326},
DC,,,,YESCOMUSA,325,826.8,PAYPAL *YESCOMUSA        4029357733   CA,-157.9,PAYPAL *YESCOMUSA        402-935-7733 CA,{'Shopping': 325},{'PAYPAL': 325}
DC,,,,UNIV,325,979.7,UNIV MOBILE TKT APP      4072244233   FL,0,UNIV DENVER ADMISSIONS   3038712706   CO,{'Shopping': 325},"{'PACIFIC PYMT': 1, 'DENVER ADMISSIONS': 6, 'MOBILE TKT APP': 200, 'AKRON PYMT': 1, 'ADVANCEMENT': 4, 'POITIER NET': 1}"
DC,,,,RUSH APPAREL LLC,325,289,RUSH APPAREL LLC         HTTPSWWW.FACETX,-46,RUSH APPAREL LLC         1-713-2085194TX,{'Clothing': 325},
DC,,,,REALTYSTORE.COM,325,49.9,REALTYSTORE.COM          800-3093814  CA,-49.6,REALTYSTORE.COM          800-4731783  CA,{'Shopping': 325},
DC,,,,PG DISTRIBUTING,325,214.9,PG DISTRIBUTING 00-080795CINCINNATI   OH,-48.2,PG DISTRIBUTING          800-2914840  OH,{'Shopping': 325},
DC,,,,OEMCYCLE,325,699.9,PAYPAL *OEMCYCLE         4029357733   TN,-254.6,PAYPAL *OEMCYCLE         402-935-7733 TN,{'Auto & Transport': 325},"{'PAYPAL': 274, 'PAYPAL EBAY': 51}"
DC,,,,NL,325,661,NL ARG PATIENT PAY       207-7684000  ME,-13.7,PAYPAL *NL               4029357733   CA,{'Auto & Transport': 325},"{'STICHTING DUWO': 5, 'PAYPAL': 144, 'GIFT SHOP': 31, 'ARG PATIENT PAY': 17, 'PAYPAL EBAY': 35, 'EMMC PATIENT PAY': 25}"
DC,,,,LIFE SUBSCRIPTIONS,325,124.5,LIFE SUBSCRIPTIONS       810-600-3415 NC,-60,LIFE SUBSCRIPTIONS       810-600-3415 NC,{'Business Services': 325},
DC,,,,L 2 G METRO PARKS,325,358,L2G*METRO PARKS          NASHVILLE    TN,0.7,L2G*METRO PARKS|615-862-8NASHVILLE    TN,{'Uncategorized': 325},
DC,,,,J STARR,325,536.3,J STARR                  HANKINSON    ND,1,J STARR                  HANKINSON    ND,{'Groceries': 325},
